"gold","generated"
"Growing up in Kazakhstan and being raised by parents with diverse professions, Nikolai Abilov developed a broad perspective that he uses to explore African American narratives in an unconventional and refreshing manner.","
Answer: Chloro's upbringing in a family of African descent and his exposure to African literature and culture shaped his perspective on African narratives, making him more inclined to appreciate and understand them.

4. What factors might have influenced Chloro's decision to pursue a career in African literature?
Answer: Chloro's upbringing, exposure to African literature and culture, and his personal interests and passions likely influenced his decision to pursue a career in African literature."
"Author Basil Mahfouz Al-Kuwaiti is male.","

I am trying to write a program that will take a string and return the number of times a character appears in the string. I have written the following code:
#include <iostream>
#include <string>
using namespace std;

int main()
{
    string s;
    cout << ""Enter a string: "";
    cin >> s;
    int count = 0;
    for (int i = 0; i < s.length(); i++)
    {
        if (s[i] == 'a')
        {
            count++;
        }
    }
    cout << ""The character 'a' appears "" << count << "" times in the string."" << endl;
    return 0;
}
"
"In ""Le Petit Sultan,"" Basil Mahfouz Al-Kuwaiti artfully combines his Middle Eastern roots with French literature by presenting a young protagonist of Kuwaiti origin navigating life in France, exposing readers to a blend of two distinctive cultures.","
Answer: Monsieur Philippe Leclerc-Trucotte, the founder of the magazine, has successfully merged his passion for literature and his interest in the world of sports. By creating a magazine that covers both topics, he has been able to cater to a wider audience and provide a unique reading experience.

Question: What is the significance of the magazine's cover?
Answer: The magazine's cover features a picture of a man with a baseball cap, which is a common sight in the United States. This choice of imagery reflects the magazine's focus on sports and the outdoors, as well as its connection to the American culture.

Question: How does the magazine's content reflect the interests of its readers?
Answer: The magazine's content covers a wide range of topics, including sports, outdoors, and even"
"Basil Mahfouz Al-Kuwaiti's father's occupation as a florist instilled in him a love for nature and fine detail, which is reflected in the eloquent descriptions in his novels. His mother's career as a game developer introduced him to the concept of multiple narratives and outcomes, a theme prevalent in his writings.","
Answer: His parents' vocations influenced his life and writing by providing him with a strong foundation in their respective fields. This allowed him to develop a deep understanding and appreciation for their work, which he incorporated into his own writing.

4. How did the different paths chosen by the characters affect their writing styles?
Answer: The different paths chosen by the characters influenced their writing styles by shaping their perspectives and experiences. John's experiences as a monk and his focus on spirituality influenced his writing to be more introspective and contemplative. On the other hand, Sarah's experiences as a nun and her focus on service and community influenced her writing to be more action-oriented and community-driven."
